pharmid,pharmacy_name,type,address,state,lat,lon,week_open,week_close,week_pharm,week_tech,sat_open,sat_close,sat_pharm,sat_tech,sun_open,sun_close,sun_pharm,sun_tech
VT99,"Walgreen Eastern Co., Inc. d/b/a Walgreens #18325",chain,"30 Shelburne Shopping Park, Shelburne, VT",VT,44.3792622,-73.224989,9:00:00,19:00:00,1,1,Closed,Closed,0,0,Closed,Closed,0,0
VT98,WALGREENS #19795,chain,"133 N Main St Ste 23, Saint Albans, VT",VT,44.8141675,-73.082604,9:00:00,19:00:00,1,2,9:00:00,18:00:00,1,1,9:00:00,17:00:00,1,1
VT97,WALGREENS #17747,chain,"201 Route 7 S, Milton, VT",VT,44.682189,-73.112042,9:00:00,19:00:00,1,1,9:00:00,18:00:00,1,1,Closed,Closed,0,0
VT96,Walgreens #19346,chain,"221 Main St, Enosburg Falls, VT",VT,44.9057722,-72.806612,9:00:00,19:00:00,1,2,9:00:00,18:00:00,1,1,Closed,Closed,0,0
VT95,Walgeens #17183,chain,"1184 Prim Rd Ste 2, Colchester, VT",VT,44.5377337,-73.247286,9:00:00,20:00:00,,,9:00:00,18:00:00,,,9:00:00,17:00:00,,
VT94,Walgreens #17485,chain,"321 Main St, Winooski, VT",VT,44.4983646,-73.183964,9:00:00,20:00:00,,,9:00:00,18:00:00,,,9:00:00,17:00:00,,
VT93,Walgreens #17447,chain,"39 Hinesburg Rd, South Burlington, VT",VT,44.4657489,-73.171587,9:00:00,20:00:00,1,2,9:00:00,18:00:00,1,1,9:00:00,17:00:00,1,1
VT92,Walgreens #17631,chain,"194 North St, Bennington, VT",VT,42.8814044,-73.198201,9:00:00,18:00:00,1,1,Closed,Closed,0,0,Closed,Closed,0,0
VT91,"Walgreen Eastern Co., Inc. d/b/a Walgreens #19233",chain,"112 Rockingham St, Bellows Falls, VT",VT,43.1360445,-72.448422,8:00:00,20:00:00,1,3,8:00:00,18:00:00,1,1,9:00:00,18:00:00,1,1
VT90,Walgreens #17713,chain,"59 Waterfront Plz Ste 2, Newport, VT",VT,44.9399542,-72.205574,9:00:00,20:00:00,,,9:00:00,18:00:00,,,9:00:00,17:00:00,,
VT9,Kinney Drugs #29,chain,"308 Shelburne Road, Burlington, VT 05401",VT,44.4568582,-73.20802,9:00:00,19:00:00,1,2,9:00:00,17:00:00,1,1,9:00:00,15:00:00,1,1
VT89,"Walgreen Eastern Co., Inc. d/b/a Walgreens #18043",chain,"1 Prince Ln, Bristol, VT",VT,44.133654,-73.077696,9:00:00,19:00:00,1,2,9:00:00,18:00:00,1,0,9:00:00,17:00:00,1,0
VT88,Walgreens #17625,chain,"412 Broad St, Lyndonville, VT",VT,44.525843,-72.000254,9:00:00,19:00:00,,,9:00:00,18:00:00,,,9:00:00,17:00:00,,
VT87,Walgreens #17185,chain,"82 VT Route 15 W, Hardwick, VT",VT,44.5134727,-72.372115,9:00:00,19:00:00,,,9:00:00,18:00:00,,,9:00:00,17:00:00,,
VT86,"Walgreen Eastern Co., Inc. d/b/a/ Walgreens #18375",chain,"263 Court St, Middlebury, VT",VT,44.0034028,-73.153911,9:00:00,19:00:00,1,3,9:00:00,18:00:00,1,1,Closed,Closed,0,0
VT85,"Walgreen Eastern Co., Inc. d/b/a Walgreens #18265",chain,"1 Union St, Brandon, VT",VT,43.797622,-73.088302,9:00:00,20:00:00,1,2,9:00:00,17:00:00,1,1,9:00:00,17:00:00,1,1
VT84,"Walgreen Eastern Co., Inc. d/b/a Walgreens #17518",chain,"355 N Main St, Barre, VT",VT,44.2016607,-72.505805,9:00:00,20:00:00,1,2,9:00:00,18:00:00,1,1,9:00:00,17:00:00,1,1
VT83,Kinney Drugs #132,chain,"69 Main Street, Montpelier, VT 05602",VT,44.2596595,-72.575256,8:00:00,18:00:00,1,2,9:00:00,15:00:00,1,1,9:00:00,13:00:00,1,1
VT82,RRMC Pharmacy,independent,"160 Allen St, Rutland, VT 05701",VT,43.5983353,-72.955099,8:00:00,18:00:00,1,3,8:00:00,16:00:00,1,1,9:00:00,16:00:00,1,1
VT81,CVS #10690,chain,"1 Dorset St, South Burlington, VT 05403",VT,44.4687825,-73.182146,8:00:00,19:00:00,1,3,10:00:00,18:00:00,1,2,11:00:00,17:00:00,1,1
VT80,Wal-Mart Pharmacy 10-4156,department,"115 Seymour Drive, Derby, VT",VT,44.9504191,-72.171631,8:00:00,19:00:00,1,4,8:00:00,18:00:00,1,2,9:00:00,17:00:00,1,2
VT8,Vermont Family Pharmacy,independent,"1219 North Avenue Burlington, VT 05408",VT,44.5085803,-73.247375,9:00:00,18:00:00,3,2,10:00:00,13:00:00,1,1,Closed,Closed,0,0
VT79,CVS #11037,chain,"35 Church St, Burlington, VT 05401",VT,44.4795166,-73.21289,9:00:00,19:00:00,1,1,10:00:00,18:00:00,1,1,11:00:00,17:00:00,1,1
VT78,CVS #10197,chain,"13 VT-15 E, Morrisville, VT 05661",VT,44.5759798,-72.592125,8:00:00,19:00:00,1,2,10:00:00,18:00:00,1,1,11:00:00,17:00:00,1,1
VT77,CVS #10216,chain,"69 Mountain View Dr., Colchester, VT 05446",VT,44.5070055,-73.181462,8:00:00,19:00:00,1,2,10:00:00,18:00:00,1,1,11:00:00,17:00:00,1,1
VT76,CVS #10127,chain,"1634 US Route 302, Barre, VT 05641",VT,44.2317464,-72.552914,9:00:00,19:00:00,1,4,10:00:00,18:00:00,1,3,11:00:00,17:00:00,1,2
VT75,Hannaford #8274,grocery,"259 Route 7 South, Milton, Vermont, 05468",VT,44.6236486,-73.122375,9:00:00,20:00:00,1,1,9:30:00,16:00:00,1,1,9:30:00,14:00:00,1,1
VT74,Wal-Mart Pharmacy #10-2332,department,"700 Tuckers Way, Saint Albans, VT",VT,44.8419113,-73.089705,8:00:00,19:00:00,1,3,9:00:00,17:00:00,1,2,10:00:00,16:00:00,1,1
VT73,Hannaford #8426,grocery,"586 Lower Plain, Bradford, Vermont, 05033",VT,43.9842958,-72.122893,9:00:00,20:00:00,1,2,9:30:00,16:00:00,1,1,9:30:00,14:00:00,1,1
VT72,Osco Pharmacy #0649,grocery,"820 Waterbury Stowe Rd, Waterbury, VT",VT,44.3477265,-72.74383,9:00:00,20:00:00,1,2,9:00:00,17:00:00,1,1,10:00:00,17:00:00,1,1
VT71,Osco Pharmacy #2518,grocery,"71 Boxwood St, Williston,  VT",VT,44.4468585,-73.108296,9:00:00,20:00:00,1,2,9:00:00,17:00:00,1,0,10:00:00,17:00:00,1,0
VT70,Osco Pharmacy #0117,grocery,"570 Shelburne Rd, Burlington, VT",VT,44.4496912,-73.207108,9:00:00,20:00:00,,,9:00:00,17:00:00,,,10:00:00,17:00:00,,
VT7,Rutland Pharmacy,independent,"75 Allen Street Rutland, VT 05701",VT,43.5990251,-72.962479,8:00:00,20:00:00,2,15,9:00:00,18:00:00,1,4,9:00:00,18:00:00,1,4
VT69,Osco Pharmacy #0616,grocery,"160 Paine Tpke N, Berlin, VT",VT,44.2112472,-72.573114,9:00:00,20:00:00,1,1,9:00:00,17:00:00,1,1,10:00:00,17:00:00,1,1
VT68,Osco Pharmacy #0615,grocery,"66 Mountain View Dr, Colchester, VT",VT,44.5091138,-73.181054,9:00:00,20:00:00,1,2,9:00:00,17:00:00,1,0,10:00:00,17:00:00,1,1
VT67,CVS #7103,chain,"49 Wright Ave, Williston, VT 05495",VT,44.4468357,-73.111692,9:00:00,19:00:00,1,3,10:00:00,18:00:00,1,2,11:00:00,17:00:00,1,2
VT66,River Street Pharmacy,independent,"100 River St, Springfield, VT 05156",VT,43.301416,-72.486323,8:00:00,17:00:00,1,1,Closed,Closed,0,0,Closed,Closed,0,0
VT65,Kinney Drugs #107,chain,"47 Executive Drive, Shelburne, VT 05482",VT,44.4066842,-73.215556,9:00:00,19:00:00,1,2,9:00:00,17:00:00,1,0,Closed,Closed,0,0
VT64,Kinney Drugs #103,chain,"10212 Route 116, Hinesburg, VT 05461",VT,44.334959,-73.113114,9:00:00,19:00:00,1,3,9:00:00,17:00:00,1,2,9:00:00,16:00:00,1,1
VT63,Kinney Drugs #105,chain,"16 Church Street, Barton, VT 05822",VT,44.7509413,-72.18045,9:00:00,18:00:00,1,1,9:00:00,13:00:00,0,1,Closed,Closed,0,0
VT62,"Walgreen Eastern Co., Inc. #11526",chain,"514 Farrell St, Burlington, VT",VT,44.4507283,-73.207609,9:00:00,18:00:00,1,2,Closed,Closed,0,0,Closed,Closed,0,0
VT61,Ludlow Pharmacy,independent,"57 Pond Street Ludlow, VT 05149",VT,43.4010644,-72.706252,9:00:00,18:00:00,1,1,9:00:00,15:00:00,1,1,Closed,Closed,0,0
VT60,CVS #1052,chain,"7 Essex Way, Essex Junction, VT 05452",VT,44.5093,-73.079117,9:00:00,19:00:00,,,10:00:00,18:00:00,,,11:00:00,17:00:00,,
VT6,Kinney Drugs #23,chain,"97 Morrisville Plaza Po Box 979, Morrisville, VT",VT,44.5745923,-72.591685,8:00:00,19:00:00,1,3,9:00:00,18:00:00,1,1,9:00:00,16:00:00,1,1
VT59,Hannaford #8303,grocery,"141 Hannaford Sq, Bennington, Vermont, 05201",VT,42.9070358,-73.222903,9:00:00,20:00:00,1,1,9:30:00,16:00:00,1,1,9:30:00,14:00:00,1,1
VT58,Kinney Drugs #102,chain,"151 Vermont Route 12 South, Randolph, VT 05060",VT,43.9120554,-72.663224,9:00:00,19:00:00,,,9:00:00,17:00:00,,,Closed,Closed,0,0
VT57,Brandon community Pharmacy,independent,420 Grove St Brandon VT 05733,VT,43.80504,-73.099228,8:00:00,19:00:00,1,1,9:00:00,13:00:00,1,1,Closed,Closed,0,0
VT56,Kinney Drugs #101,chain,"80 South Main, Waterbury, VT",VT,44.3348811,-72.753072,8:30:00,19:00:00,1,2,9:00:00,17:00:00,1,1,9:00:00,14:00:00,1,1
VT55,CVS #673,chain,"31 S Main Street, Rutland, VT 05701",VT,43.610392,-72.973377,9:00:00,19:00:00,1,3,9:00:00,17:00:00,1,2,9:00:00,17:00:00,1,2
VT54,CVS #337,chain,"8 Kocher Dr., Bennington, VT 05201",VT,42.8954029,-73.202165,9:00:00,21:00:00,1,5,10:00:00,17:00:00,1,4,10:00:00,16:00:00,1,4
VT53,Kinney Drugs #98,chain,"34 Route 30 North Po Box 284, Bomoseen, VT05732",VT,43.608945,-73.207927,9:00:00,19:00:00,,,9:00:00,17:00:00,,,10:00:00,14:00:00,,
VT52,Community Health Pharmacy Colchester,independent,"158 Brentwood Dr # 6, Colchester, VT 05446",VT,44.5957828,-73.170026,8:30:00,17:00:00,5,8,Closed,Closed,0,0,Closed,Closed,0,0
VT51,Rite Aid #10310,chain,"52 Main St, Windsor, VT 05089",VT,43.4811699,-72.38693,8:00:00,20:00:00,1,2,9:00:00,17:00:00,1,1,9:00:00,17:00:00,1,1
VT50,Rite Aid #10313,chain,"55 Springfield Plaza, Springfield, VT 05156",VT,43.303297,-72.490464,8:00:00,21:00:00,1,5,9:00:00,18:00:00,1,2,9:00:00,18:00:00,1,2
VT5,Kinney Drugs #11,chain,"800 Us Route 302, Barre, VT 05641",VT,44.2217753,-72.545779,9:00:00,20:00:00,2,3,9:00:00,18:00:00,1,3,9:00:00,16:00:00,1,3
VT49,Rite Aid #10309,chain,"12 N Main St, Randolph, VT 05060",VT,43.9232616,-72.665612,8:00:00,20:00:00,1,3,9:00:00,17:00:00,1,1,9:00:00,17:00:00,1,1
VT48,Rite Aid #10315,chain,"499 Canal St, Unit 3, Brattleboro, VT 05301",VT,42.8509152,-72.557868,8:00:00,20:00:00,2,5,9:00:00,17:00:00,2,5,9:00:00,17:00:00,2,5
VT47,Rite Aid #10308,chain,"1823 VT-107 Ste 2, Bethel, VT 05032",VT,43.8231594,-72.600905,9:00:00,18:00:00,1,0,Closed,Closed,0,0,Closed,Closed,0,0
VT46,Kinney Drugs #94,chain,"407 Broad Street, Lyndonville, VT 05851",VT,44.525759,-72.001568,9:00:00,19:00:00,,,9:00:00,18:00:00,,,9:00:00,17:00:00,0,0
VT45,Kinney Drugs #93,chain,"957 Memorial Drive, St. Johnsbury, VT 05819",VT,44.4459427,-72.016287,8:00:00,20:00:00,2,3,9:00:00,18:00:00,1,3,9:00:00,16:00:00,1,3
VT44,Kinney Drugs #86,chain,"155 S. Main Street , Cambridge, VT 05444",VT,44.6445618,-72.877874,8:30:00,18:00:00,1,2,9:00:00,16:00:00,1,1,Closed,Closed,0,0
VT43,Notch Pharmacy,independent,44 Main St Suite 201 Richford VT 05476,VT,44.996372,-72.673161,9:00:00,17:30:00,2,5,9:00:00,12:00:00,1,1,Closed,Closed,0,0
VT42,Walgreens Pharmacy #01756,chain,"10 Woodstock Ave, Rutland, VT",VT,43.610508,-72.971247,9:00:00,21:00:00,1,3,9:00:00,17:00:00,1,1,9:00:00,17:00:00,1,1
VT41,Hannaford #8121,grocery,"260 Court St, Middlebury, Vermont, 05753",VT,44.00123,-73.155718,9:00:00,20:00:00,1,2,9:30:00,16:00:00,1,1,9:30:00,14:00:00,1,1
VT40,Walgreens  Pharmacy #07270,chain,"476 Canal St, Brattleboro, VT",VT,42.8390823,-72.56457,9:00:00,20:00:00,,,9:00:00,18:00:00,,,9:00:00,17:00:00,,
VT4,Kinney Drugs #21,chain,"82 Pearl Street, Essex Junction, VT 05452",VT,44.4936189,-73.120292,9:00:00,19:00:00,1,3,9:00:00,18:00:00,1,1,9:00:00,16:00:00,1,1
VT39,Hannaford #8129,grocery,"456 South Barre Road, Barre, Vermont, 05641",VT,44.1741328,-72.505793,9:00:00,20:00:00,1,3,9:00:00,18:00:00,1,1,9:00:00,17:00:00,1,1
VT38,Hannaford  #8161,grocery,"1127 North Avenue, Burlington, Vermont, 05408",VT,44.5063431,-73.244441,9:00:00,20:00:00,1,2,9:00:00,18:00:00,1,1,9:00:00,17:00:00,1,1
VT37,Hannaford #8162,grocery,"80 Fairgrounds Plaza,Morrisville, Vermont, 05661",VT,44.5728994,-72.596656,9:00:00,20:00:00,1,2,9:00:00,18:00:00,1,1,9:00:00,17:00:00,1,1
VT36,Price Chopper Pharmacy #192,grocery,"90 Center Road, Essex Junction, VT 05452",VT,44.5118603,-73.065811,8:00:00,20:00:00,1,1,9:00:00,17:00:00,1,0,9:00:00,17:00:00,1,0
VT35,Springfield Pharmacy,independent,"262 River Street Springfield, VT 05156",VT,43.3092014,-72.497956,9:00:00,19:00:00,1,2,9:00:00,13:00:00,1,1,9:00:00,13:00:00,1,1
VT34,Price Chopper Pharmacy #171,grocery,"214 Northside Drive, Bennington, VT 05201",VT,42.8975753,-73.212151,9:00:00,20:00:00,1,2,9:00:00,17:00:00,1,0,9:00:00,17:00:00,1,0
VT33,Kinney Drugs #58,chain,"55 Shattuck Hill Road, Newport, VT 05855",VT,44.9510114,-72.16458,8:00:00,19:00:00,2,6,9:00:00,17:00:00,1,4,9:00:00,16:00:00,1,3
VT32,Kinney Drugs #56,chain,"901 Lower Plain,  Bradford, VT 05033",VT,43.9806695,-72.119599,9:00:00,19:00:00,1,5,9:00:00,17:00:00,1,2,9:00:00,14:00:00,1,1
VT31,Kinney Drugs #55,chain,"1653 Williston Road,  South Burlington, VT",VT,44.4636532,-73.158992,9:00:00,19:00:00,1,1,9:00:00,17:00:00,1,1,9:00:00,13:00:00,1,1
VT30,Kinney Drugs #35,chain,"3 Centre Drive, Milton, VT 05468",VT,44.6218481,-73.122746,9:00:00,20:00:00,1,2,9:00:00,18:00:00,1,1,9:00:00,16:00:00,1,1
VT3,Corner Drug Co,independent,"213 Maple St, White River Junction, VT 05001",VT,43.6522981,-72.31872,9:00:00,18:00:00,1,2,9:00:00,15:00:00,1,2,Closed,Closed,0,0
VT29,Wal-Mart Pharmacy # 10-2289,department,"212 Northside Dr, Bennington, VT",VT,42.897737,-73.212034,8:00:00,19:00:00,1,3,9:00:00,19:00:00,1,1,10:00:00,18:00:00,1,1
VT28,Wal-Mart Pharmacy 10-2682,department,"282 Berlin Mall Rd Ste 1, Berlin, VT",VT,44.217042,-72.56494,8:00:00,19:00:00,2,5,9:00:00,19:00:00,1,1,10:00:00,18:00:00,1,1
VT27,University of Vermont Medical Center OutpatientPharmacy,hospital,"1 S Prospect St, Burlington, VT",VT,44.4801784,-73.201427,8:30:00,17:00:00,2,2,Closed,Closed,0,0,Closed,Closed,0,0
VT26,University of Vermont Medical Center Outpatient Pharmacy,hospital,"792 College Pkwy Ste 103, Colchester, VT",VT,44.4967903,-73.157056,8:30:00,17:00:00,1,2,Closed,Closed,0,0,Closed,Closed,0,0
VT25,University of Vermont Medical Center Outpatient Pharmacy,hospital,"111 Colchester Ave, Burlington, VT",VT,44.4790648,-73.194585,7:30:00,21:00:00,3,6,8:30:00,17:00:00,2,4,8:30:00,17:00:00,2,4
VT24,Price Chopper Pharmacy #127,grocery,"170 Swanton Rd. Rte. 7, St. Albans, VT 05478",VT,44.8354982,-73.083852,9:00:00,19:00:00,,,9:00:00,17:00:00,,,Closed,Closed,0,0
VT23,Hannaford #8355,grocery,"290 Highgate Commons Road, St Albans, Vermont, 05478",VT,44.8414778,-73.080367,9:00:00,20:00:00,1,2,9:00:00,18:00:00,1,1,9:00:00,17:00:00,1,1
VT22,Hannaford #8306,grocery,"318 South Main St, Rutland, Vermont, 05701",VT,43.5859457,-72.971075,9:00:00,20:00:00,1,2,9:00:00,18:00:00,1,1,9:00:00,17:00:00,1,1
VT21,Wal-Mart Pharmacy #10-2530,department,"90 Shopping Plaza, Rutland, VT",VT,43.6053053,-72.980631,8:00:00,19:00:00,1,3,9:00:00,19:00:00,1,1,10:00:00,18:00:00,1,1
VT20,Wal-Mart  Pharmacy #10-2224,department,"863 Harvest Ln, Williston, VT",VT,44.4415818,-73.122204,8:00:00,19:00:00,1,2,9:00:00,19:00:00,1,1,10:00:00,18:00:00,1,1
VT2,Kinney Drugs #18,chain,"164 Swanton Road,  St. Albans, VT 05478",VT,44.8356961,-73.080982,8:00:00,20:00:00,2,5,9:00:00,18:00:00,1,2,9:00:00,16:00:00,1,2
VT19,Messenger Valley Pharmacy,independent,"170 Grafton Road, Townshend, VT 05353",VT,43.0472267,-72.667843,8:00:00,18:00:00,2,6,8:00:00,14:00:00,1,2,Closed,Closed,0,0
VT18,Hannaford #8398,grocery,"78 Marshall Avenue, Williston, Vermont, 05495",VT,44.4459042,-73.113686,9:00:00,20:00:00,1,2,9:00:00,18:00:00,1,1,9:00:00,17:00:00,1,1
VT17,Price Chopper Pharmacy #131,grocery,"234 Shopping Plaza, Rutland, VT 05701",VT,43.6049713,-72.979824,9:00:00,19:00:00,,,9:00:00,17:00:00,,,Closed,Closed,0,0
VT16,Kinney Drugs #38,chain,"40 Court Street, Middlebury, VT 05753",VT,44.0108758,-73.164586,9:00:00,20:00:00,1,3,9:00:00,18:00:00,1,1,9:00:00,16:00:00,1,1
VT15,Costco Pharmacy #314,department,"218 Lower Mountain View Dr, Colchester, VT 05446",VT,44.5039486,-73.174321,10:00:00,19:00:00,2,5,9:30:00,18:00:00,2,5,Closed,Closed,,
VT14,Northfield Pharmacy ,independent,"14 Depot Square Northfield, VT 05663",VT,44.1488732,-72.656394,9:00:00,18:00:00,2,2,9:00:00,14:00:00,1,0,8:00:00,12:00:00,1,2
VT13,Price Chopper Pharmacy #165,grocery,"595 Shelburne Road, Burlington, VT 05401",VT,44.4493877,-73.21098,8:00:00,20:00:00,1,1,9:00:00,17:00:00,1,1,9:00:00,17:00:00,1,0
VT12,Kinney Drugs #22,chain,"115B Monkton Road, Vergennes, VT 05491",VT,44.1734164,-73.242188,9:00:00,19:00:00,,,9:00:00,17:00:00,,,9:00:00,15:00:00,,
VT117,Beauchamp & O'Rourke,independent,"62 Woodstock Ave Ste 1, Rutland, VT 05701",VT,43.6123332,-72.96661,8:00:00,18:00:00,1,5,9:00:00,12:00:00,1,2,Closed,Closed,0,0
VT116,The Pharmacy Northshire (KSV),independent,34 Ways Lane Manchester CTR,VT,43.1725285,-73.063909,9:00:00,18:00:00,2,4,9:00:00,15:00:00,1,2,Closed,Closed,0,0
VT115,Lamoille Health Pharmacy,independent,"1878 Mountain Road Stowe, VT 05672",VT,44.4745121,-72.713565,8:00:00,18:00:00,1,2,9:00:00,14:00:00,1,1,Closed,Closed,0,0
VT114,St. Albans Pharmacy,independent,3 Crest Rd St. Albans VT 05450 within the Dr office Commons,VT,44.8068554,-73.070609,8:30:00,17:30:00,1,2,9:00:00,12:00:00,1,1,Closed,Closed,0,0
VT113,Fairfax Pharmacy,independent,997 Main St Fairfax VT 05454,VT,44.6567244,-73.008426,8:30:00,17:30:00,1,2,9:00:00,12:00:00,1,1,Closed,Closed,0,0
VT112,Swanton Rexall,independent,13 York St Swanton VT 05488,VT,44.9190623,-73.122928,8:30:00,17:30:00,2,3,9:00:00,12:00:00,1,1,Closed,Closed,0,0
VT111,Ottaquechee Pharmacy,independent,"32 Pleasant Street Woodstock, VT 05091",VT,43.6270934,-72.513712,8:00:00,18:00:00,1,2,Closed,Closed,0,0,Closed,Closed,0,0
VT110,Hannaford #8448,grocery,"935 Shelburne Road, South Burlington, Vermont, 05403",VT,44.4431861,-73.212706,9:00:00,20:00:00,1,2,9:00:00,18:00:00,1,1,9:00:00,17:00:00,1,1
VT11,Hannaford #8357,grocery,"217 Dorset St, South Burlington, Vermont, 05401",VT,44.4621221,-73.18361,9:00:00,20:00:00,1,1,9:00:00,18:00:00,1,1,9:00:00,17:00:00,1,1
VT109,Freedom Pharmacy,independent,"434 Hurricane Ln, Williston, VT 05403",VT,44.4361188,-73.107455,9:00:00,18:00:00,4,8,Closed,Closed,0,0,Closed,Closed,0,0
VT108,Lakeside Pharmacy,independent,242 Pearl St Burlington VT 05401,VT,44.4807158,-73.209015,8:00:00,19:00:00,1,4,9:00:00,16:00:00,1,1,Closed,Closed,0,0
VT107,Walgreens #17471,chain,"9 Susie Wilson Rd, Essex Junction, VT",VT,44.5045543,-73.136714,9:00:00,19:00:00,1,2,9:00:00,17:00:00,1,0,9:00:00,17:00:00,1,0
VT106,"Walgreen Eastern Co., Inc. d/b/a/ Walgreens #17596",chain,"29 Main St Ste 31, Montpelier, VT",VT,44.2590394,-72.576011,9:00:00,20:00:00,,,9:00:00,18:00:00,,,Closed,Closed,0,0
VT105,"Walgreen Eastern Co., Inc. d/b/a Walgreens #19570",chain,"1024 North Ave, Burlington, VT",VT,44.5049927,-73.241215,9:00:00,19:00:00,,,9:00:00,18:00:00,,,Closed,Closed,0,0
VT104,Walgreens #18354,chain,"621 Route 22A N, Fair Haven, VT",VT,43.6024709,-73.27391,9:00:00,19:00:00,1,2,9:00:00,18:00:00,1,1,9:00:00,17:00:00,1,1
VT103,"Walgreen Eastern Co., Inc. d/b/a Walgreens #17379",chain,"107 E Main St, Wilmington, VT",VT,42.8647573,-72.86161,9:00:00,19:00:00,1,2,9:00:00,17:00:00,1,1,9:00:00,17:00:00,1,1
VT102,"Walgreen Eastern Co., Inc. d/b/a Walgreens #18020",chain,"4993 Main St Ste A, Manchester, VT",VT,43.1779833,-73.055009,9:00:00,19:00:00,1,2,9:00:00,18:00:00,1,1,9:00:00,17:00:00,1,1
VT101,"Walgreen Eastern Co., Inc. d/b/a Walgreens #18278",chain,"294 Main St, West Rutland, VT",VT,43.5939257,-73.043916,9:00:00,19:00:00,1,3,9:00:00,18:00:00,1,1,9:00:00,17:00:00,1,1
VT100,Walgreens #18418,chain,"896 Putney Rd Ste 25, Brattleboro, VT",VT,42.87929,-72.561294,10:00:00,18:00:00,1,2,Closed,Closed,0,0,Closed,Closed,0,0
VT10,Hannaford #8353,grocery,"21A Essex Way, Essex Junction, Vermont, 05452",VT,44.5071379,-73.083914,9:00:00,20:00:00,1,3,9:00:00,18:00:00,1,1,9:00:00,17:00:00,1,1
VT1,The Pharmacy Inc,independent,"205 North St, Bennington, VT",VT,42.8819309,-73.196657,9:00:00,18:00:00,3,5,9:00:00,15:00:00,1,2,Closed,Closed,0,0
NY9,UVM Outpatient,hospital,"75 Beekman St, Plattsburgh, NY 12901",NY,44.7008404,-73.46914616,7:00:00,23:00:00,,,7:00:00,23:00:00,,,7:00:00,23:00:00,,
NY8,Kinney Drugs #19,chain,"288 Cornelia St, Plattsburgh, NY 12901",NY,44.6982079,-73.4749547,9:00:00,20:00:00,,,9:00:00,18:00:00,,,9:00:00,16:00:00,,
NY74,Walgreens #18030,chain,"1161 State Hwy 9N, Ticonderoga, NY 12883",NY,43.8591998,-73.4384058,10:00:00,18:00:00,,,9:00:00,17:00:00,,,Closed,Closed,0,0
NY7,Walgreens,chain,"301 Cornelia St, Plattsburgh, NY 12901",NY,44.6966669,-73.47596641,9:00:00,21:00:00,,,9:00:00,18:00:00,,,10:00:00,18:00:00,,
NY6,CVS,chain,"60 Smithfield Blvd Suite 49, Plattsburgh, NY 12901",NY,44.7012349,-73.4896616,9:00:00,20:00:00,,,9:00:00,17:00:00,,,10:00:00,18:00:00,,
NY5,Hannaford,grocery,"7 Pyramid Dr, Plattsburgh, NY 12901",NY,44.701211,-73.49582393,9:00:00,20:00:00,,,9:30:00,16:00:00,,,9:30:00,14:00:00,,
NY4,Market 32,grocery,"19 Centre Dr, Plattsburgh, NY 12901",NY,44.6954674,-73.4924492,8:00:00,20:00:00,,,8:00:00,17:00:00,,,8:00:00,17:00:00,,
NY3,Walmart,department,"25 Consumer Square, Plattsburgh, NY 12901",NY,44.6921796,-73.4867137,8:00:00,19:00:00,,,9:00:00,19:00:00,,,10:00:00,18:00:00,,
NY24,Walgreens #18207,chain,"2 N Park St, Cambridge, NY 12816",NY,43.0279462,-73.37577787,9:00:00,20:00:00,,,9:00:00,18:00:00,,,10:00:00,18:00:00,,
NY23,Thorpe's Pharmacy,independent,"24 Church St, Hoosick Falls, NY 12090",NY,42.9012581,-73.3516143,8:00:00,18:00:00,,,8:00:00,12:00:00,,,Closed,Closed,0,0
NY22,Walgreens #17717,chain,"116 Quaker St, Granville, NY 12832",NY,43.39569325,-73.2639694,9:00:00,21:00:00,,,9:00:00,18:00:00,,,9:00:00,17:00:00,,
NY21,Fred's Granville,independent,"75 Quaker St, Granville, NY 12832",NY,43.3996914,-73.2661715,9:00:00,18:00:00,,,9:00:00,15:00:00,,,Closed,Closed,0,0
NY20,CVS #5166,chain,"170 Broadway SUITE 1, Whitehall, NY 12887",NY,43.5477235,-73.4065251,9:00:00,19:00:00,,,10:00:00,18:00:00,,,11:00:00,17:00:00,,
NY2,Kinney Drugs #52,chain,"868 US-11, Champlain, NY 12919",NY,44.9792752,-73.4438493,9:00:00,20:00:00,,,9:00:00,18:00:00,,,9:00:00,13:00:00,,
NY19,Walmart #2424,department,"1134 Wicker St, Ticonderoga, NY 12883",NY,43.8570136,-73.43325492,9:00:00,19:00:00,,,9:00:00,19:00:00,,,10:00:00,18:00:00,,
NY18,Moriah Pharmacy,independent,"4315 Main St, Port Henry, NY 12974",NY,44.0480447,-73.4598355,9:00:00,17:30:00,,,9:00:00,13:00:00,,,Closed,Closed,0,0
NY17,Willsboro Pharmacy,independent,"3932 NY-22, Willsboro, NY 12996",NY,44.3716105,-73.398193,9:00:00,17:30:00,,,9:00:00,13:00:00,,,Closed,Closed,0,0
NY16,Keeseville Pharmacy,independent,"1730 Front St, Keeseville, NY 12944",NY,44.5046219,-73.480103,8:00:00,18:00:00,,,9:00:00,15:00:00,,,Closed,Closed,0,0
NY15,Kinney Drugs #121,chain,"3 Gorman Way, Peru, NY 12972",NY,44.5770042,-73.525712,9:00:00,19:00:00,,,9:00:00,15:00:00,,,9:00:00,13:00:00,,
NY14,Genoa Healthcare,chain,"2155 NY-22B, Morrisonville, NY 12962",NY,44.696942,-73.53598757,8:30:00,17:00:00,,,Closed,Closed,0,0,Closed,Closed,0,0
NY13,Kinney Drugs #59,chain,"112 New York Rd, Plattsburgh, NY 12901",NY,44.6785206,-73.45173541,9:00:00,20:00:00,,,9:00:00,17:00:00,,,9:00:00,16:00:00,,
NY12,Condo Pharmacy,independent,"28 Montcalm Ave, Plattsburgh, NY 12901",NY,44.6999725,-73.46020053,8:00:00,19:00:00,,,9:00:00,15:00:00,,,Closed,Closed,0,0
NY11,Kinney Drugs #40,chain,"6 Veterans Ln, Plattsburgh, NY 12901",NY,44.7092305,-73.45622125,9:00:00,20:00:00,,,9:00:00,18:00:00,,,9:00:00,16:00:00,,
NY10,Kinney Drugs #50,chain,"1588 Military Turnpike, Plattsburgh, NY 12901",NY,44.6948198,-73.51592575,9:00:00,20:00:00,,,9:00:00,18:00:00,,,9:00:00,16:00:00,,
NY1,Cornerstone Drug and Gift Inc,independent,"72 Champlain St, Rouses Point, NY 12979",NY,44.9832215,-73.3713735,8:00:00,18:00:00,,,9:00:00,15:00:00,,,Closed,Closed,0,0
NH75,Genoa Healthcare,chain,"17 Ninety Third St #234, Keene, NH 03431",NH,42.9327387,-72.2748319,8:30:00,17:00:00,,,Closed,Closed,0,0,Closed,Closed,0,0
NH73,Walgreens #11985,chain,"14 Pinnacle Ln, Walpole, NH 03608",NH,43.1063171,-72.4290752,9:00:00,21:00:00,,,9:00:00,21:00:00,,,9:00:00,21:00:00,,
NH72,North Country Healthcare Pharmacy,independent,"141 Corliss Ln, Colebrook, NH 03576",NH,44.90296451,-71.48309332,8:30:00,17:00:00,,,Closed,Closed,0,0,Closed,Closed,0,0
NH71,Walgreens #19398,chain,"91 Main St, Colebrook, NH 03576",NH,44.8923205,-71.4974435,9:00:00,18:00:00,,,10:00:00,16:00:00,,,Closed,Closed,0,0
NH70,North Country Healthcare Pharmacy,independent,"173 Middle St, Lancaster, NH 03584",NH,44.48576325,-71.55445147,9:00:00,17:30:00,,,Closed,Closed,0,0,Closed,Closed,0,0
NH69,Walgreens  #17167,chain,"177 Main St, Lancaster, NH 03584",NH,44.49430925,-71.57198765,9:00:00,20:00:00,,,9:00:00,17:00:00,,,9:00:00,17:00:00,,
NH68,Eastern States Compounding Pharmacy,independent,"338 Union St, Littleton, NH 03561",NH,44.3082322,-71.75881662,8:30:00,17:00:00,,,Closed,Closed,0,0,Closed,Closed,0,0
NH67,Rite Aid #04182,chain,"136 Meadow St, Littleton, NH 03561",NH,44.30909665,-71.78630594,8:00:00,20:00:00,,,9:00:00,18:00:00,,,9:00:00,17:00:00,,
NH66,Walgreens #10410,chain,"274 Dells Rd, Littleton, NH 03561",NH,44.3091189,-71.7978151,9:00:00,19:00:00,,,9:00:00,17:00:00,,,9:00:00,17:00:00,,
NH65,Walmart #2681,department,"615 Meadow St, Littleton, NH 03561",NH,44.3042178,-71.7985431,8:00:00,19:00:00,,,9:00:00,18:00:00,,,10:00:00,18:00:00,,
NH64,Shaws / Osco,grocery,"625 Meadow St, Littleton, NH 03561",NH,44.30290545,-71.80154151,9:00:00,20:00:00,,,9:00:00,17:00:00,,,10:00:00,17:00:00,,
NH63,Shaws / Osco,grocery,"15 Forest St, Woodsville, NH 03785",NH,44.1443803,-72.02917278,8:00:00,19:00:00,,,9:00:00,17:00:00,,,10:00:00,17:00:00,,
NH62,Walmart #4389,department,"4901 Dartmouth College Hwy, Woodsville, NH 03785",NH,44.1409177,-72.0267492,8:00:00,19:00:00,,,9:00:00,19:00:00,,,10:00:00,18:00:00,,
NH61,CVS #5938,chain,"79 S Main St, Hanover, NH 03755",NH,43.6995702,-72.2905548,9:00:00,20:00:00,,,10:00:00,17:00:00,,,10:00:00,17:00:00,,
NH60,Darmouth Hitchcock at Centerra,hospital,"12 Centerra Pkwy, Lebanon, NH 03766",NH,43.6759474,-72.25966618,7:00:00,21:00:00,,,7:00:00,21:00:00,,,7:00:00,21:00:00,,
NH59,Price Chopper #227,grocery,"370 Miracle Mile, Lebanon, NH 03766",NH,43.6368107,-72.2879924,9:00:00,19:00:00,,,9:00:00,17:00:00,,,9:00:00,15:00:00,,
NH58,Hannaford,grocery,"8 Market St, West Lebanon, NH 03784",NH,43.6362498,-72.3175645,9:00:00,20:00:00,,,9:30:00,16:00:00,,,9:30:00,14:00:00,,
NH57,CVS #17827,chain,"200 S Main St, West Lebanon, NH 03784",NH,43.6477914,-72.3103149,9:00:00,17:00:00,,,Closed,Closed,0,0,Closed,Closed,0,0
NH56,Rite Aid #10289,chain,"10 Benning St, West Lebanon, NH 03784",NH,43.6318065,-72.3160927,8:00:00,20:00:00,,,9:00:00,17:00:00,,,9:00:00,17:00:00,,
NH55,Walgreens #9177,chain,"3 Airport Rd, West Lebanon, NH 03784",NH,43.6300465,-72.32073674,9:00:00,20:00:00,,,9:00:00,18:00:00,,,10:00:00,18:00:00,,
NH54,CVS pharmacy #647,chain,"250 N Plainfield Rd, West Lebanon, NH 03784",NH,43.6291636,-72.32394162,8:00:00,21:00:00,,,8:00:00,21:00:00,,,8:00:00,21:00:00,,
NH53,Walmart Pharmacy #2138,department,"285 N Plainfield Rd, West Lebanon, NH 03784",NH,43.6230728,-72.3247052,8:00:00,19:00:00,,,9:00:00,18:00:00,,,10:00:00,18:00:00,,
NH52,Walmart #1975,department,"14 Bowen St, Claremont, NH 03743",NH,43.3779035,-72.32899039,8:00:00,19:00:00,,,9:00:00,19:00:00,,,10:00:00,18:00:00,,
NH51,CVS Pharmacy #5347,chain,"1 Wall St, Claremont, NH 03743",NH,43.373194,-72.334446,9:00:00,19:00:00,,,10:00:00,17:00:00,,,10:00:00,17:00:00,,
NH50,Rite Aid #10288,chain,"73 Pleasant St, Claremont, NH 03743",NH,43.37153002,-72.33893009,8:00:00,20:00:00,,,9:00:00,18:00:00,,,9:00:00,18:00:00,,
NH49,Sugar River Pharmacy,independent,"109 Pleasant St, Claremont, NH 03743",NH,43.368568,-72.34048811,8:30:00,18:30:00,,,9:00:00,16:00:00,,,Closed,Closed,0,0
NH48,Genoa Healthcare,chain,"52 W Pleasant St, Claremont, NH 03743",NH,43.36397,-72.344974,8:30:00,17:00:00,,,Closed,Closed,0,0,Closed,Closed,0,0
NH47,Hannaford,grocery,"481 West St, Keene, NH 03431",NH,42.9351326,-72.29554413,9:00:00,20:00:00,,,9:00:00,18:00:00,,,9:00:00,17:00:00,,
NH46,Walgreens  #3154,chain,"440 West St, Keene, NH 03431",NH,42.933445,-72.294865,8:00:00,20:00:00,,,9:00:00,18:00:00,,,9:00:00,18:00:00,,
NH45,CVS #640,chain,"268 West St, Keene, NH 03431",NH,42.93261026,-72.28818418,0:00:00,24:00:00,,,0:00:00,24:00:00,,,0:00:00,24:00:00,,
NH44,CVS #17203,chain,"46 Ash Brook Rd, Keene, NH 03431",NH,42.92607693,-72.30573073,10:00:00,18:00:00,,,Closed,Closed,0,0,Closed,Closed,0,0
NH43,Rite aid #10284,chain,"354 Winchester St, Keene, NH 03431",NH,42.92521274,-72.28936107,8:00:00,20:00:00,,,9:00:00,18:00:00,,,9:00:00,17:00:00,,
NH42,Walmart #1907,department,"724 Brattleboro Rd, Hinsdale, NH 03451",NH,42.8139767,-72.531544,8:00:00,19:00:00,,,9:00:00,19:00:00,,,10:00:00,18:00:00,,
NH41,Rite Aid #04800,chain,"10 Main St, Winchester, NH 03470",NH,42.76786006,-72.38866024,8:00:00,20:00:00,,,9:00:00,17:00:00,,,9:00:00,17:00:00,,
MA40,Walgreens #17488,chain,"240 Avenue A, Turners Falls, MA 01376",MA,42.60531225,-72.56108954,9:00:00,19:00:00,,,9:00:00,18:00:00,,,Closed,Closed,0,0
MA39,Stop and Shop Pharmacy,grocery,"89 French King Hwy, Greenfield, MA 01301",MA,42.6069448,-72.57332628,9:00:00,20:00:00,,,9:00:00,17:00:00,,,9:00:00,17:00:00,,
MA38,CVS #1094,chain,"137 Federal St, Greenfield, MA 01301",MA,42.5921691,-72.5972384,0:00:00,24:00:00,,,0:00:00,24:00:00,,,0:00:00,24:00:00,,
MA37,Walgreens  #7704,chain,"5 Pierce St, Greenfield, MA 01301",MA,42.5981362,-72.5968301,9:00:00,20:00:00,,,9:00:00,18:00:00,,,10:00:00,18:00:00,,
MA36,Genoa Healthcare,chain,"1 Arch St, Greenfield, MA 01301",MA,42.5920962,-72.60419081,8:30:00,17:00:00,,,Closed,Closed,0,0,Closed,Closed,0,0
MA35,Genoa Healthcare,chain,"55 Federal St #105, Greenfield, MA 01301",MA,42.5890211,-72.59812965,8:30:00,17:00:00,,,Closed,Closed,0,0,Closed,Closed,0,0
MA34,Rite Aid #10074,chain,"107 Main St, Greenfield, MA 01301",MA,42.587172,-72.6049576,8:00:00,20:00:00,,,9:00:00,17:00:00,,,9:00:00,17:00:00,,
MA33,Big Y pharmacy,grocery,"237 Mohawk Trail, Greenfield, MA 01301",MA,42.5871777,-72.6254874,9:00:00,19:00:00,,,9:00:00,15:00:00,,,9:00:00,15:00:00,,
MA32,Baker Pharmacy,independent,"52 Bridge St, Shelburne Falls, MA 01370",MA,42.6037424,-72.7385117,8:30:00,18:00:00,,,8:30:00,15:00:00,,,Closed,Closed,0,0
MA31,Walmart #1984,department,"1415 Curran Memorial Hwy, North Adams, MA 01247",MA,42.6652347,-73.1077855,8:00:00,19:00:00,,,9:00:00,19:00:00,,,10:00:00,18:00:00,,
MA30,Walgreens #19038,chain,"21 Columbia St, Adams, MA 01220",MA,42.6263398,-73.1175962,9:00:00,18:00:00,,,Closed,Closed,0,0,Closed,Closed,0,0
MA29,Walgreens #19525,chain,"50 Lincoln St, North Adams, MA 01247",MA,42.70102515,-73.10957423,9:00:00,19:00:00,,,9:00:00,18:00:00,,,9:00:00,17:00:00,,
MA28,CVS #1131,chain,"55 Veterans Memorial Dr, North Adams, MA 01247",MA,42.7010215,-73.1111064,8:00:00,20:00:00,,,9:00:00,18:00:00,,,9:00:00,17:00:00,,
MA27,Stop and Shop #0784,grocery,"876 State Rd, North Adams, MA 01247",MA,42.69926215,-73.16577926,8:00:00,20:00:00,,,9:00:00,17:00:00,,,9:00:00,17:00:00,,
MA26,Walgreens #18016,chain,"212 Main St, Williamstown, MA 01267",MA,42.7024996,-73.1835561,10:00:00,18:00:00,,,Closed,Closed,0,0,Closed,Closed,0,0
MA25,Williamstown Apothecary,independent,"72 Spring St, Williamstown, MA 01267",MA,42.7099652,-73.20438668,8:00:00,18:00:00,,,8:00:00,14:00:00,,,9:00:00,13:00:00,,